Time,PM 1,PM 2.5,PM 10
1630642557.2947977,0,0,0
1630642558.2959986,0,0,0
1630642559.297283,0,0,0
1630642560.2986214,0,0,0
1630642561.2999637,0,0,0
1630642562.301319,0,0,0
1630642563.3026636,0,0,0
1630642564.304003,0,0,0
1630642565.3053436,0,0,0
1630642566.306697,0,0,0
1630642567.3080401,0,0,0
1630642568.3093739,0,0,0
1630642569.3107178,0,0,0
1630642570.312053,0,0,0
1630642571.3133068,0,0,0
1630642572.3145573,0,0,0
1630642573.315792,0,0,0
1630642574.3170266,0,0,0
1630642575.317676,0,0,0
1630642576.318933,0,0,0
1630642577.320209,0,0,0
1630642578.3214185,0,0,0
1630642579.3227768,0,0,0
1630642580.324157,0,0,0
1630642581.3253791,0,0,0
1630642582.3267376,0,0,0
1630642583.3280237,0,0,0
1630642584.3292458,0,0,0
1630642585.3304732,0,0,0
1630642586.3317482,0,0,0
1630642587.332141,0,0,0
1630642588.3336267,0,0,0
1630642589.3350606,0,0,0
1630642590.3363116,0,0,0
1630642591.3375633,0,0,0
1630642592.338873,0,0,0
1630642593.3402114,0,0,0
1630642594.3415475,0,0,0
1630642595.3428822,0,0,0
1630642596.344215,0,0,0
1630642597.3455381,0,0,0
1630642598.3468702,0,0,0
1630642599.3481991,0,0,0
1630642600.3495412,0,0,0
1630642601.3508797,0,0,0
1630642602.3522184,0,0,0
1630642603.3535557,0,0,0
1630642604.3548274,0,0,0
1630642605.3561232,0,0,0
1630642606.3574536,0,0,0
1630642607.3589516,0,0,0
1630642608.3601794,0,0,0
1630642609.3614602,0,0,0
1630642610.3628006,0,0,0
1630642611.364153,0,0,0
1630642612.3654947,0,0,0
1630642613.3668344,0,0,0
1630642614.3676493,0,0,0
1630642615.3689337,0,0,0
1630642616.3702044,0,0,0
1630642617.3714178,0,0,0
